<?xml version="1.0" encoding="UTF-8"?>
<config>
    <menu>
        <all4coding module="all4coding_core">
            <title>All4coding</title>
            <sort_order>10000</sort_order>
            <children>
                <core translate="title" module="all4coding_core">
                    <title>Extension Manager</title>
                    <sort_order>10</sort_order>
                    <action>adminhtml/all4coding_core/index</action>
                </core>
            </children>
        </all4coding>
    </menu>
    <acl>
        <resources>
            <admin>
                <children>
                    <all4coding module="all4coding_core">
                        <title>All4coding</title>
                        <sort_order>10000</sort_order>
                        <children>
                            <core translate="title" module="all4coding_core">
                                <title>Extension Manager</title>
                                <sort_order>10</sort_order>
                            </core>
                        </children>
                    </all4coding>
                    <system>
                        <children>
                            <config>
                                <children>
                                    <a4c_core translate="title" module="all4coding_core">
                                        <title>General Settings</title>
                                    </a4c_core>
                                </children>
                            </config>
                        </children>
                    </system>
                </children>
            </admin>
        </resources>
    </acl>
</config>