<?xml version="1.0" encoding="UTF-8"?>
<config>
    <tabs>
        <all4coding>
            <label>All4coding Config</label>
            <sort_order>210</sort_order>
        </all4coding>
    </tabs>
    <sections>
        <a4c_core translate="label" module="all4coding_core">
            <label>General</label>
            <tab>all4coding</tab>
            <frontend_type>text</frontend_type>
            <sort_order>10</sort_order>
            <show_in_default>1</show_in_default>
            <show_in_website>1</show_in_website>
            <show_in_store>1</show_in_store>
            <groups>
                <notification translate="label" module="adminnotification">
                    <label>Notifications</label>
                    <frontend_type>text</frontend_type>
                    <sort_order>10</sort_order>
                    <show_in_default>1</show_in_default>
                    <show_in_website>0</show_in_website>
                    <show_in_store>0</show_in_store>
                    <fields>
                        <feed_enabled translate="label">
                            <label>Enabled Notification</label>
                            <frontend_type>select</frontend_type>
                            <source_model>adminhtml/system_config_source_yesno</source_model>
                            <sort_order>10</sort_order>
                            <show_in_default>1</show_in_default>
                            <show_in_website>0</show_in_website>
                            <show_in_store>0</show_in_store>
                        </feed_enabled>
                        <use_https translate="label">
                            <label>Use HTTPS to Get Feed</label>
                            <frontend_type>select</frontend_type>
                            <source_model>adminhtml/system_config_source_yesno</source_model>
                            <sort_order>20</sort_order>
                            <show_in_default>1</show_in_default>
                            <show_in_website>0</show_in_website>
                            <show_in_store>0</show_in_store>
                        </use_https>
                        <frequency translate="label">
                            <label>Update Frequency</label>
                            <frontend_type>select</frontend_type>
                            <source_model>adminhtml/system_config_source_notification_frequency</source_model>
                            <sort_order>30</sort_order>
                            <show_in_default>1</show_in_default>
                            <show_in_website>0</show_in_website>
                            <show_in_store>0</show_in_store>
                        </frequency>
                        <last_update translate="label">
                            <label>Last Update</label>
                            <frontend_type>label</frontend_type>
                            <frontend_model>adminhtml/system_config_form_field_notification</frontend_model>
                            <sort_order>40</sort_order>
                            <show_in_default>1</show_in_default>
                            <show_in_website>0</show_in_website>
                            <show_in_store>0</show_in_store>
                        </last_update>
                    </fields>
                </notification>
                <general translate="label" module="adminnotification">
                    <label>General</label>
                    <frontend_type>text</frontend_type>
                    <sort_order>20</sort_order>
                    <show_in_default>1</show_in_default>
                    <show_in_website>0</show_in_website>
                    <show_in_store>0</show_in_store>
                    <fields>
                        <load_jquery translate="label">
                            <label>Load jQuery?</label>
                            <frontend_type>select</frontend_type>
                            <source_model>adminhtml/system_config_source_yesno</source_model>
                            <sort_order>10</sort_order>
                            <show_in_default>1</show_in_default>
                            <show_in_website>1</show_in_website>
                            <show_in_store>1</show_in_store>
                        </load_jquery>
                    </fields>
                </general>
            </groups>
        </a4c_core>
    </sections>
</config>