<?xml version="1.0" encoding="UTF-8"?>
<config>
 <sections>
    <payment>
        <groups>
            <oxxo translate="label" module="oxxo">
                <label>Conekta Oxxo Payment Module</label>
                <frontend_type>text</frontend_type>
                <sort_order>1</sort_order>
                <show_in_default>1</show_in_default>
                <show_in_website>1</show_in_website>
                <show_in_store>1</show_in_store>
                <fields>
                    <active translate="label">
                        <label>Enabled</label>
                        <frontend_type>select</frontend_type>
                        <source_model>adminhtml/system_config_source_yesno</source_model>
                        <sort_order>1</sort_order>
                        <show_in_default>1</show_in_default>
                        <show_in_website>1</show_in_website>
                        <show_in_store>0</show_in_store>
                    </active>
                    <order_status translate="label">
                        <label>New order status</label>
                        <frontend_type>select</frontend_type>
                        <source_model>adminhtml/system_config_source_order_status</source_model>
                        <sort_order>2</sort_order>
                        <show_in_default>1</show_in_default>
                        <show_in_website>1</show_in_website>
                        <show_in_store>0</show_in_store>
                    </order_status>
                    <webhook_notification_order_status translate="label">
                        <label>Order status when Conekta sends payment notification</label>
                        <frontend_type>select</frontend_type>
                        <source_model>adminhtml/system_config_source_order_status</source_model>
                        <sort_order>3</sort_order>
                        <show_in_default>1</show_in_default>
                        <show_in_website>1</show_in_website>
                        <show_in_store>0</show_in_store>
                    </webhook_notification_order_status>
                    <my_date translate="label comment">
                     <label>Expiry (# days)</label>
                     <frontend_type>text</frontend_type> <!-- Set the frontend type as Text -->
                     <frontend_model>oxxo/adminhtml_system_config_days</frontend_model> <!-- Specify our custom model -->
                     <sort_order>4</sort_order>
                     <show_in_default>1</show_in_default>
                     <show_in_website>1</show_in_website>
                     <show_in_store>1</show_in_store>
                     <comment>Set the expiry of this offline payment</comment>
                    </my_date>
                    <title translate="label">
                        <label>Title</label>
                        <frontend_type>text</frontend_type>
                        <sort_order>5</sort_order>
                        <show_in_default>1</show_in_default>
                        <show_in_website>1</show_in_website>
                        <show_in_store>0</show_in_store>
                    </title>
                    <privatekey translate="label">
                        <label>Private Key</label>
                        <frontend_type>text</frontend_type>
                        <sort_order>6</sort_order>
                        <show_in_default>1</show_in_default>
                        <show_in_website>1</show_in_website>
                        <show_in_store>1</show_in_store>
                    </privatekey>
                    <publickey translate="label">
                        <label>Public Key</label>
                        <frontend_type>text</frontend_type>
                        <sort_order>7</sort_order>
                        <show_in_default>1</show_in_default>
                        <show_in_website>1</show_in_website>
                        <show_in_store>1</show_in_store>
                    </publickey>
                </fields>
            </oxxo>
        </groups>
    </payment>
</sections>
</config>
