<?xml version="1.0" encoding="UTF-8" ?>
<config>
    <tabs>
        <biztech translate="label" module="facebook">
            <label>Biztech Extensions</label>
            <sort_order>400</sort_order>
        </biztech>
    </tabs>
    <sections>
        <facebook translate="label" module="facebook">
            <label>Facebook Activity Feed</label>
            <tab>biztech</tab>
            <frontend_type>text</frontend_type>
            <sort_order>10</sort_order>
            <show_in_default>1</show_in_default>
            <show_in_website>1</show_in_website>
            <show_in_store>1</show_in_store>
            <groups>
                <facebook_general translate="label">
                    <label>General</label>
                    <frontend_type>text</frontend_type>
                    <sort_order>1</sort_order>
                    <show_in_default>1</show_in_default>
                    <show_in_website>1</show_in_website>
                    <show_in_store>1</show_in_store>
                    <fields>
                        <enabled translate="label">
                            <label>Enabled</label>
                            <frontend_type>select</frontend_type>
                            <source_model>adminhtml/system_config_source_yesno</source_model>
                            <sort_order>1</sort_order>
                            <show_in_default>1</show_in_default>
                            <show_in_website>1</show_in_website>
                            <show_in_store>1</show_in_store>
                            <comment>Select Yes to enable this feature.</comment>
                        </enabled>
                        <facebook_appid translate="label">
                            <label>App ID</label>
                            <comment>Enter your facebook app id.</comment>
                            <frontend_type>text</frontend_type>
                            <sort_order>2</sort_order>
                            <show_in_default>1</show_in_default>
                            <show_in_website>1</show_in_website>
                            <show_in_store>1</show_in_store>
                        </facebook_appid>
                        <fb_page_url translate="label comment">
                            <label>Facebook Page URL</label>
                            <comment><![CDATA[<a href="http://www.facebook.com/pages/create.php">Create Facebook page</a>]]>
                            </comment>
                            <frontend_type>text</frontend_type>
                            <sort_order>3</sort_order>
                            <show_in_default>1</show_in_default>
                            <show_in_website>1</show_in_website>
                            <show_in_store>1</show_in_store>
                        </fb_page_url>
                        <locale translate="label">
                            <label>Locale</label>
                            <comment>Select locale option</comment>
                            <frontend_type>select</frontend_type>
                            <source_model>facebook/system_config_source_locale</source_model>
                            <sort_order>4</sort_order>
                            <show_in_default>1</show_in_default>
                            <show_in_website>1</show_in_website>
                            <show_in_store>1</show_in_store>
                        </locale>
                    </fields>
                </facebook_general>
                <activity_feed translate="label">
                    <label>Activity Feed Settings</label>
                    <frontend_type>text</frontend_type>
                    <sort_order>2</sort_order>
                    <show_in_default>1</show_in_default>
                    <show_in_website>1</show_in_website>
                    <show_in_store>1</show_in_store>
                    <fields>
                        <left_home_column translate="label">
                            <label>Home page left column</label>
                            <frontend_type>select</frontend_type>
                            <source_model>adminhtml/system_config_source_yesno</source_model>
                            <sort_order>1</sort_order>
                            <show_in_default>1</show_in_default>
                            <show_in_website>1</show_in_website>
                            <show_in_store>1</show_in_store>
                        </left_home_column>
                        <right_home_column translate="label">
                            <label>Home page right column</label>
                            <frontend_type>select</frontend_type>
                            <source_model>adminhtml/system_config_source_yesno</source_model>
                            <sort_order>2</sort_order>
                            <show_in_default>1</show_in_default>
                            <show_in_website>1</show_in_website>
                            <show_in_store>1</show_in_store>
                        </right_home_column>
                        <left_page_column translate="label">
                            <label>CMS page left column</label>
                            <frontend_type>select</frontend_type>
                            <source_model>adminhtml/system_config_source_yesno</source_model>
                            <sort_order>3</sort_order>
                            <show_in_default>1</show_in_default>
                            <show_in_website>1</show_in_website>
                            <show_in_store>1</show_in_store>
                        </left_page_column>
                        <right_page_column translate="label">
                            <label>CMS page right column</label>
                            <frontend_type>select</frontend_type>
                            <source_model>adminhtml/system_config_source_yesno</source_model>
                            <sort_order>4</sort_order>
                            <show_in_default>1</show_in_default>
                            <show_in_website>1</show_in_website>
                            <show_in_store>1</show_in_store>
                        </right_page_column>
                        <left_category_column translate="label">
                            <label>Category left column</label>
                            <frontend_type>select</frontend_type>
                            <source_model>adminhtml/system_config_source_yesno</source_model>
                            <sort_order>5</sort_order>
                            <show_in_default>1</show_in_default>
                            <show_in_website>1</show_in_website>
                            <show_in_store>1</show_in_store>
                        </left_category_column>
                        <right_category_column translate="label">
                            <label>Category right column</label>
                            <frontend_type>select</frontend_type>
                            <source_model>adminhtml/system_config_source_yesno</source_model>
                            <sort_order>6</sort_order>
                            <show_in_default>1</show_in_default>
                            <show_in_website>1</show_in_website>
                            <show_in_store>1</show_in_store>
                        </right_category_column>
                        <left_product_column translate="label">
                            <label>Product left column</label>
                            <frontend_type>select</frontend_type>
                            <source_model>adminhtml/system_config_source_yesno</source_model>
                            <sort_order>7</sort_order>
                            <show_in_default>1</show_in_default>
                            <show_in_website>1</show_in_website>
                            <show_in_store>1</show_in_store>
                        </left_product_column>
                        <right_product_column translate="label">
                            <label>Product right column</label>
                            <frontend_type>select</frontend_type>
                            <source_model>adminhtml/system_config_source_yesno</source_model>
                            <sort_order>8</sort_order>
                            <show_in_default>1</show_in_default>
                            <show_in_website>1</show_in_website>
                            <show_in_store>1</show_in_store>
                        </right_product_column>
                        <width translate="label">
                            <label>Width</label>
                            <comment>Width of the plugin in pixels</comment>
                            <frontend_type>text</frontend_type>
                            <sort_order>9</sort_order>
                            <show_in_default>1</show_in_default>
                            <show_in_website>1</show_in_website>
                            <show_in_store>1</show_in_store>
                        </width>
                        <height translate="label">
                            <label>Height</label>
                            <comment>Height of the plugin in pixels.</comment>
                            <frontend_type>text</frontend_type>
                            <sort_order>10</sort_order>
                            <show_in_default>1</show_in_default>
                            <show_in_website>1</show_in_website>
                            <show_in_store>1</show_in_store>
                        </height>
                        <header translate="label">
                            <label>Header</label>
                            <comment>Enable Facebook header on the plugin.</comment>
                            <frontend_type>select</frontend_type>
                            <source_model>adminhtml/system_config_source_yesno</source_model>
                            <sort_order>11</sort_order>
                            <show_in_default>1</show_in_default>
                            <show_in_website>1</show_in_website>
                            <show_in_store>1</show_in_store>
                        </header>
                        <colorscheme translate="label">
                            <label>Color Scheme</label>
                            <comment>Color scheme of the plugin.</comment>
                            <frontend_type>select</frontend_type>
                            <source_model>facebook/system_config_source_color</source_model>
                            <sort_order>12</sort_order>
                            <show_in_default>1</show_in_default>
                            <show_in_website>1</show_in_website>
                            <show_in_store>1</show_in_store>
                        </colorscheme>
                        <linktarget translate="label">
                            <label>Link Target</label>
                            <comment>Context in which content links are opened</comment>
                            <frontend_type>select</frontend_type>
                            <source_model>facebook/system_config_source_target</source_model>
                            <sort_order>13</sort_order>
                            <show_in_default>1</show_in_default>
                            <show_in_website>1</show_in_website>
                            <show_in_store>1</show_in_store>
                        </linktarget>
                        <font translate="label">
                            <label>Font</label>
                            <comment>The font of the plugin</comment>
                            <frontend_type>select</frontend_type>
                            <source_model>facebook/system_config_source_font</source_model>
                            <sort_order>14</sort_order>
                            <show_in_default>1</show_in_default>
                            <show_in_website>1</show_in_website>
                            <show_in_store>1</show_in_store>
                        </font>
                    </fields>
                </activity_feed>
                <likebutton translate="label">
                    <label>Like Button</label>
                    <sort_order>120</sort_order>
                    <show_in_default>1</show_in_default>
                    <show_in_website>1</show_in_website>
                    <show_in_store>1</show_in_store>
                    <fields>
                        <homecontent translate="label comment">
                            <label>Show on Home page</label>
                            <frontend_type>select</frontend_type>
                            <source_model>adminhtml/system_config_source_yesno</source_model>
                            <sort_order>10</sort_order>
                            <show_in_default>1</show_in_default>
                            <show_in_website>1</show_in_website>
                            <show_in_store>1</show_in_store>
                        </homecontent>
                        <pagecontent translate="label comment">
                            <label>Show on CMS page</label>
                            <frontend_type>select</frontend_type>
                            <source_model>adminhtml/system_config_source_yesno</source_model>
                            <sort_order>20</sort_order>
                            <show_in_default>1</show_in_default>
                            <show_in_website>1</show_in_website>
                            <show_in_store>1</show_in_store>
                        </pagecontent>
                        <categorycontent translate="label comment">
                            <label>Show in Category view</label>
                            <frontend_type>select</frontend_type>
                            <source_model>adminhtml/system_config_source_yesno</source_model>
                            <sort_order>30</sort_order>
                            <show_in_default>1</show_in_default>
                            <show_in_website>1</show_in_website>
                            <show_in_store>1</show_in_store>
                        </categorycontent>
                        <productcontent translate="label comment">
                            <label>Show in Product view</label>
                            <frontend_type>select</frontend_type>
                            <source_model>adminhtml/system_config_source_yesno</source_model>
                            <sort_order>40</sort_order>
                            <show_in_default>1</show_in_default>
                            <show_in_website>1</show_in_website>
                            <show_in_store>1</show_in_store>
                        </productcontent>
                        <send translate="label comment">
                            <label>Share Button</label>
                            <comment><![CDATA[Include a Share button. The Share Button is available only on sites that use the JavaScript SDK.]]>
                            </comment>
                            <frontend_type>select</frontend_type>
                            <source_model>adminhtml/system_config_source_yesno</source_model>
                            <sort_order>50</sort_order>
                            <show_in_default>1</show_in_default>
                            <show_in_website>1</show_in_website>
                            <show_in_store>1</show_in_store>
                        </send>
                        <layout translate="label comment">
                            <label>Layout Style</label>
                            <comment><![CDATA[Determines the size and amount of social context next to the button]]>
                            </comment>
                            <frontend_type>select</frontend_type>
                            <source_model>facebook/system_config_source_layout</source_model>
                            <sort_order>60</sort_order>
                            <show_in_default>1</show_in_default>
                            <show_in_website>1</show_in_website>
                            <show_in_store>1</show_in_store>
                        </layout>
                        <showfaces translate="label comment">
                            <label>Show Faces</label>
                            <comment><![CDATA[Show profile pictures below the button.]]>
                            </comment>
                            <frontend_type>select</frontend_type>
                            <source_model>adminhtml/system_config_source_yesno</source_model>
                            <sort_order>70</sort_order>
                            <show_in_default>1</show_in_default>
                            <show_in_website>1</show_in_website>
                            <show_in_store>1</show_in_store>
                        </showfaces>
                        <width translate="label comment">
                            <label>Width</label>
                            <comment><![CDATA[The width of the plugin, in pixels]]>
                            </comment>
                            <frontend_type>text</frontend_type>
                            <sort_order>80</sort_order>
                            <show_in_default>1</show_in_default>
                            <show_in_website>1</show_in_website>
                            <show_in_store>1</show_in_store>
                        </width>
                        <verb translate="label comment">
                            <label>Verb to Display</label>
                            <comment><![CDATA[The verb to display in the button. Currently only 'like' and 'recommend' are supported.]]>
                            </comment>
                            <frontend_type>select</frontend_type>
                            <source_model>facebook/system_config_source_verb</source_model>
                            <sort_order>90</sort_order>
                            <show_in_default>1</show_in_default>
                            <show_in_website>1</show_in_website>
                            <show_in_store>1</show_in_store>
                        </verb>
                        <font translate="label comment">
                            <label>Font</label>
                            <comment><![CDATA[The font of the plugin]]>
                            </comment>
                            <frontend_type>select</frontend_type>
                            <source_model>facebook/system_config_source_font</source_model>
                            <sort_order>110</sort_order>
                            <show_in_default>1</show_in_default>
                            <show_in_website>1</show_in_website>
                            <show_in_store>1</show_in_store>
                        </font>
                        <type translate="label comment">
                            <label>Type</label>
                            <comment><![CDATA[The type of the entity.]]>
                            </comment>
                            <frontend_type>select</frontend_type>
                            <source_model>facebook/system_config_source_type</source_model>
                            <sort_order>120</sort_order>
                            <show_in_default>1</show_in_default>
                            <show_in_website>1</show_in_website>
                            <show_in_store>1</show_in_store>
                        </type>
                    </fields>
                </likebutton> 
                <sendbutton translate="label">
                    <label>Send Button</label>
                    <sort_order>130</sort_order>
                    <show_in_default>1</show_in_default>
                    <show_in_website>1</show_in_website>
                    <show_in_store>1</show_in_store>
                    <fields>
                        <homecontent translate="label comment">
                            <label>Show on Home page</label>
                            <frontend_type>select</frontend_type>
                            <source_model>adminhtml/system_config_source_yesno</source_model>
                            <sort_order>10</sort_order>
                            <show_in_default>1</show_in_default>
                            <show_in_website>1</show_in_website>
                            <show_in_store>1</show_in_store>
                        </homecontent>
                        <pagecontent translate="label comment">
                            <label>Show on CMS page</label>
                            <frontend_type>select</frontend_type>
                            <source_model>adminhtml/system_config_source_yesno</source_model>
                            <sort_order>20</sort_order>
                            <show_in_default>1</show_in_default>
                            <show_in_website>1</show_in_website>
                            <show_in_store>1</show_in_store>
                        </pagecontent>
                        <categorycontent translate="label comment">
                            <label>Show in Category view</label>
                            <frontend_type>select</frontend_type>
                            <source_model>adminhtml/system_config_source_yesno</source_model>
                            <sort_order>30</sort_order>
                            <show_in_default>1</show_in_default>
                            <show_in_website>1</show_in_website>
                            <show_in_store>1</show_in_store>
                        </categorycontent>
                        <productcontent translate="label comment">
                            <label>Show in Product view</label>
                            <frontend_type>select</frontend_type>
                            <source_model>adminhtml/system_config_source_yesno</source_model>
                            <sort_order>40</sort_order>
                            <show_in_default>1</show_in_default>
                            <show_in_website>1</show_in_website>
                            <show_in_store>1</show_in_store>
                        </productcontent>
                        <font translate="label comment">
                            <label>Font</label>
                            <comment><![CDATA[The font of the plugin]]>
                            </comment>
                            <frontend_type>select</frontend_type>
                            <source_model>facebook/system_config_source_font</source_model>
                            <sort_order>50</sort_order>
                            <show_in_default>1</show_in_default>
                            <show_in_website>1</show_in_website>
                            <show_in_store>1</show_in_store>
                        </font>
                    </fields>
                </sendbutton> 
                <comments translate="label">
                    <label>Comments</label>
                    <sort_order>140</sort_order>
                    <show_in_default>1</show_in_default>
                    <show_in_website>1</show_in_website>
                    <show_in_store>1</show_in_store>
                    <fields>
                        <productcontent translate="label comment">
                            <label>Show in Product view</label>
                            <frontend_type>select</frontend_type>
                            <source_model>adminhtml/system_config_source_yesno</source_model>
                            <sort_order>10</sort_order>
                            <show_in_default>1</show_in_default>
                            <show_in_website>1</show_in_website>
                            <show_in_store>1</show_in_store>
                        </productcontent>
                        <num_posts translate="label comment">
                            <label>Number of posts</label>
                            <comment><![CDATA[The number of posts to display by default.]]>
                            </comment>
                            <frontend_type>text</frontend_type>
                            <sort_order>20</sort_order>
                            <show_in_default>1</show_in_default>
                            <show_in_website>1</show_in_website>
                            <show_in_store>1</show_in_store>
                        </num_posts>
                        <width translate="label comment">
                            <label>Width</label>
                            <comment><![CDATA[The width of the plugin, in pixels]]>
                            </comment>
                            <frontend_type>text</frontend_type>
                            <sort_order>30</sort_order>
                            <show_in_default>1</show_in_default>
                            <show_in_website>1</show_in_website>
                            <show_in_store>1</show_in_store>
                        </width>
                        <colorscheme translate="label comment">
                            <label>Color Scheme</label>
                            <comment><![CDATA[The color scheme of the plugin.]]>
                            </comment>
                            <frontend_type>select</frontend_type>
                            <source_model>facebook/system_config_source_color</source_model>
                            <sort_order>40</sort_order>
                            <show_in_default>1</show_in_default>
                            <show_in_website>1</show_in_website>
                            <show_in_store>1</show_in_store>
                        </colorscheme>
                    </fields>
                </comments>
                <recommendations translate="label">
                    <label>Recommendations</label>
                    <sort_order>160</sort_order>
                    <show_in_default>1</show_in_default>
                    <show_in_website>1</show_in_website>
                    <show_in_store>1</show_in_store>
                    <fields>
                        <lefthomecolumn translate="label comment">
                            <label>Left Home page column</label>
                            <frontend_type>select</frontend_type>
                            <source_model>adminhtml/system_config_source_yesno</source_model>
                            <sort_order>10</sort_order>
                            <show_in_default>1</show_in_default>
                            <show_in_website>1</show_in_website>
                            <show_in_store>1</show_in_store>
                        </lefthomecolumn>
                        <righthomecolumn translate="label comment">
                            <label>Right Home page column</label>
                            <frontend_type>select</frontend_type>
                            <source_model>adminhtml/system_config_source_yesno</source_model>
                            <sort_order>20</sort_order>
                            <show_in_default>1</show_in_default>
                            <show_in_website>1</show_in_website>
                            <show_in_store>1</show_in_store>
                        </righthomecolumn>
                        <leftpagecolumn translate="label comment">
                            <label>Left CMS page column</label>
                            <frontend_type>select</frontend_type>
                            <source_model>adminhtml/system_config_source_yesno</source_model>
                            <sort_order>30</sort_order>
                            <show_in_default>1</show_in_default>
                            <show_in_website>1</show_in_website>
                            <show_in_store>1</show_in_store>
                        </leftpagecolumn>
                        <rightpagecolumn translate="label comment">
                            <label>Right CMS page column</label>
                            <frontend_type>select</frontend_type>
                            <source_model>adminhtml/system_config_source_yesno</source_model>
                            <sort_order>40</sort_order>
                            <show_in_default>1</show_in_default>
                            <show_in_website>1</show_in_website>
                            <show_in_store>1</show_in_store>
                        </rightpagecolumn>
                        <leftcategorycolumn translate="label comment">
                            <label>Left Category column</label>
                            <frontend_type>select</frontend_type>
                            <source_model>adminhtml/system_config_source_yesno</source_model>
                            <sort_order>50</sort_order>
                            <show_in_default>1</show_in_default>
                            <show_in_website>1</show_in_website>
                            <show_in_store>1</show_in_store>
                        </leftcategorycolumn>
                        <rightcategorycolumn translate="label comment">
                            <label>Right Category column</label>
                            <frontend_type>select</frontend_type>
                            <source_model>adminhtml/system_config_source_yesno</source_model>
                            <sort_order>60</sort_order>
                            <show_in_default>1</show_in_default>
                            <show_in_website>1</show_in_website>
                            <show_in_store>1</show_in_store>
                        </rightcategorycolumn>
                        <leftproductcolumn translate="label comment">
                            <label>Left Product column</label>
                            <frontend_type>select</frontend_type>
                            <source_model>adminhtml/system_config_source_yesno</source_model>
                            <sort_order>70</sort_order>
                            <show_in_default>1</show_in_default>
                            <show_in_website>1</show_in_website>
                            <show_in_store>1</show_in_store>
                        </leftproductcolumn>
                        <rightproductcolumn translate="label comment">
                            <label>Right Product column</label>
                            <frontend_type>select</frontend_type>
                            <source_model>adminhtml/system_config_source_yesno</source_model>
                            <sort_order>80</sort_order>
                            <show_in_default>1</show_in_default>
                            <show_in_website>1</show_in_website>
                            <show_in_store>1</show_in_store>
                        </rightproductcolumn>
                        <width translate="label comment">
                            <label>Width</label>
                            <comment><![CDATA[The width of the plugin, in pixels]]>
                            </comment>
                            <frontend_type>text</frontend_type>
                            <sort_order>90</sort_order>
                            <show_in_default>1</show_in_default>
                            <show_in_website>1</show_in_website>
                            <show_in_store>1</show_in_store>
                        </width>
                        <height translate="label comment">
                            <label>Height</label>
                            <comment><![CDATA[The height of the plugin in pixels.]]>
                            </comment>
                            <frontend_type>text</frontend_type>
                            <sort_order>100</sort_order>
                            <show_in_default>1</show_in_default>
                            <show_in_website>1</show_in_website>
                            <show_in_store>1</show_in_store>
                        </height>
                        <header translate="label comment">
                            <label>Header</label>
                            <comment><![CDATA[Show the Facebook header on the plugin.]]>
                            </comment>
                            <frontend_type>select</frontend_type>
                            <source_model>adminhtml/system_config_source_yesno</source_model>
                            <sort_order>110</sort_order>
                            <show_in_default>1</show_in_default>
                            <show_in_website>1</show_in_website>
                            <show_in_store>1</show_in_store>
                        </header>
                        <colorscheme translate="label comment">
                            <label>Color Scheme</label>
                            <comment><![CDATA[The color scheme of the plugin.]]>
                            </comment>
                            <frontend_type>select</frontend_type>
                            <source_model>facebook/system_config_source_color</source_model>
                            <sort_order>120</sort_order>
                            <show_in_default>1</show_in_default>
                            <show_in_website>1</show_in_website>
                            <show_in_store>1</show_in_store>
                        </colorscheme>
                        <linktarget translate="label comment">
                            <label>Link Target</label>
                            <comment><![CDATA[The context in which content links are opened]]>
                            </comment>
                            <frontend_type>select</frontend_type>
                            <source_model>facebook/system_config_source_target</source_model>
                            <sort_order>130</sort_order>
                            <show_in_default>1</show_in_default>
                            <show_in_website>1</show_in_website>
                            <show_in_store>1</show_in_store>
                        </linktarget>
                       
                        <font translate="label comment">
                            <label>Font</label>
                            <comment><![CDATA[The font of the plugin]]>
                            </comment>
                            <frontend_type>select</frontend_type>
                            <source_model>facebook/system_config_source_font</source_model>
                            <sort_order>150</sort_order>
                            <show_in_default>1</show_in_default>
                            <show_in_website>1</show_in_website>
                            <show_in_store>1</show_in_store>
                        </font>
                    </fields>
                </recommendations>
                 <likebox translate="label">
                    <label>Like Box</label>
                    <sort_order>170</sort_order>
                    <show_in_default>1</show_in_default>
                    <show_in_website>1</show_in_website>
                    <show_in_store>1</show_in_store>
                    <fields>
                        <lefthomecolumn translate="label comment">
                            <label>Left Home page column</label>
                            <frontend_type>select</frontend_type>
                            <source_model>adminhtml/system_config_source_yesno</source_model>
                            <sort_order>10</sort_order>
                            <show_in_default>1</show_in_default>
                            <show_in_website>1</show_in_website>
                            <show_in_store>1</show_in_store>
                        </lefthomecolumn>
                        <righthomecolumn translate="label comment">
                            <label>Right Home page column</label>
                            <frontend_type>select</frontend_type>
                            <source_model>adminhtml/system_config_source_yesno</source_model>
                            <sort_order>20</sort_order>
                            <show_in_default>1</show_in_default>
                            <show_in_website>1</show_in_website>
                            <show_in_store>1</show_in_store>
                        </righthomecolumn>
                        <leftpagecolumn translate="label comment">
                            <label>Left CMS page column</label>
                            <frontend_type>select</frontend_type>
                            <source_model>adminhtml/system_config_source_yesno</source_model>
                            <sort_order>30</sort_order>
                            <show_in_default>1</show_in_default>
                            <show_in_website>1</show_in_website>
                            <show_in_store>1</show_in_store>
                        </leftpagecolumn>
                        <rightpagecolumn translate="label comment">
                            <label>Right CMS page column</label>
                            <frontend_type>select</frontend_type>
                            <source_model>adminhtml/system_config_source_yesno</source_model>
                            <sort_order>40</sort_order>
                            <show_in_default>1</show_in_default>
                            <show_in_website>1</show_in_website>
                            <show_in_store>1</show_in_store>
                        </rightpagecolumn>
                        <leftcategorycolumn translate="label comment">
                            <label>Left Category column</label>
                            <frontend_type>select</frontend_type>
                            <source_model>adminhtml/system_config_source_yesno</source_model>
                            <sort_order>50</sort_order>
                            <show_in_default>1</show_in_default>
                            <show_in_website>1</show_in_website>
                            <show_in_store>1</show_in_store>
                        </leftcategorycolumn>
                        <rightcategorycolumn translate="label comment">
                            <label>Right Category column</label>
                            <frontend_type>select</frontend_type>
                            <source_model>adminhtml/system_config_source_yesno</source_model>
                            <sort_order>60</sort_order>
                            <show_in_default>1</show_in_default>
                            <show_in_website>1</show_in_website>
                            <show_in_store>1</show_in_store>
                        </rightcategorycolumn>
                        <leftproductcolumn translate="label comment">
                            <label>Left Product column</label>
                            <frontend_type>select</frontend_type>
                            <source_model>adminhtml/system_config_source_yesno</source_model>
                            <sort_order>70</sort_order>
                            <show_in_default>1</show_in_default>
                            <show_in_website>1</show_in_website>
                            <show_in_store>1</show_in_store>
                        </leftproductcolumn>
                        <rightproductcolumn translate="label comment">
                            <label>Right Product column</label>
                            <frontend_type>select</frontend_type>
                            <source_model>adminhtml/system_config_source_yesno</source_model>
                            <sort_order>80</sort_order>
                            <show_in_default>1</show_in_default>
                            <show_in_website>1</show_in_website>
                            <show_in_store>1</show_in_store>
                        </rightproductcolumn>
                        <width translate="label comment">
                            <label>Width</label>
                            <comment><![CDATA[The width of the plugin, in pixels]]>
                            </comment>
                            <frontend_type>text</frontend_type>
                            <sort_order>90</sort_order>
                            <show_in_default>1</show_in_default>
                            <show_in_website>1</show_in_website>
                            <show_in_store>1</show_in_store>
                        </width>
                        <height translate="label comment">
                            <label>Height</label>
                            <comment><![CDATA[The height of the plugin, in pixels (optional)]]>
                            </comment>
                            <frontend_type>text</frontend_type>
                            <sort_order>100</sort_order>
                            <show_in_default>1</show_in_default>
                            <show_in_website>1</show_in_website>
                            <show_in_store>1</show_in_store>
                        </height>
                        <show_faces translate="label comment">
                            <label>Show Faces</label>
                            <comment><![CDATA[Show profile pictures below the button.]]>
                            </comment>
                            <frontend_type>select</frontend_type>
                            <source_model>adminhtml/system_config_source_yesno</source_model>
                            <sort_order>110</sort_order>
                            <show_in_default>1</show_in_default>
                            <show_in_website>1</show_in_website>
                            <show_in_store>1</show_in_store>
                        </show_faces>
                        <stream translate="label comment">
                            <label>Stream</label>
                            <comment><![CDATA[Show the profile stream for the public profile.]]>
                            </comment>
                            <frontend_type>select</frontend_type>
                            <source_model>adminhtml/system_config_source_yesno</source_model>
                            <sort_order>130</sort_order>
                            <show_in_default>1</show_in_default>
                            <show_in_website>1</show_in_website>
                            <show_in_store>1</show_in_store>
                        </stream>
                        <header translate="label comment">
                            <label>Header</label>
                            <comment><![CDATA[Show the Facebook header on the plugin.]]>
                            </comment>
                            <frontend_type>select</frontend_type>
                            <source_model>adminhtml/system_config_source_yesno</source_model>
                            <sort_order>140</sort_order>
                            <show_in_default>1</show_in_default>
                            <show_in_website>1</show_in_website>
                            <show_in_store>1</show_in_store>
                        </header>
                    </fields>
                </likebox>
                <facepile translate="label">
                    <label>Facepile</label>
                    <sort_order>170</sort_order>
                    <show_in_default>1</show_in_default>
                    <show_in_website>1</show_in_website>
                    <show_in_store>1</show_in_store>
                    <fields>
                        <lefthomecolumn translate="label comment">
                            <label>Left Home page column</label>
                            <frontend_type>select</frontend_type>
                            <source_model>adminhtml/system_config_source_yesno</source_model>
                            <sort_order>10</sort_order>
                            <show_in_default>1</show_in_default>
                            <show_in_website>1</show_in_website>
                            <show_in_store>1</show_in_store>
                        </lefthomecolumn>
                        <righthomecolumn translate="label comment">
                            <label>Right Home page column</label>
                            <frontend_type>select</frontend_type>
                            <source_model>adminhtml/system_config_source_yesno</source_model>
                            <sort_order>20</sort_order>
                            <show_in_default>1</show_in_default>
                            <show_in_website>1</show_in_website>
                            <show_in_store>1</show_in_store>
                        </righthomecolumn>
                        <leftpagecolumn translate="label comment">
                            <label>Left CMS page column</label>
                            <frontend_type>select</frontend_type>
                            <source_model>adminhtml/system_config_source_yesno</source_model>
                            <sort_order>30</sort_order>
                            <show_in_default>1</show_in_default>
                            <show_in_website>1</show_in_website>
                            <show_in_store>1</show_in_store>
                        </leftpagecolumn>
                        <rightpagecolumn translate="label comment">
                            <label>Right CMS page column</label>
                            <frontend_type>select</frontend_type>
                            <source_model>adminhtml/system_config_source_yesno</source_model>
                            <sort_order>40</sort_order>
                            <show_in_default>1</show_in_default>
                            <show_in_website>1</show_in_website>
                            <show_in_store>1</show_in_store>
                        </rightpagecolumn>
                        <leftcategorycolumn translate="label comment">
                            <label>Left Category column</label>
                            <frontend_type>select</frontend_type>
                            <source_model>adminhtml/system_config_source_yesno</source_model>
                            <sort_order>50</sort_order>
                            <show_in_default>1</show_in_default>
                            <show_in_website>1</show_in_website>
                            <show_in_store>1</show_in_store>
                        </leftcategorycolumn>
                        <rightcategorycolumn translate="label comment">
                            <label>Right Category column</label>
                            <frontend_type>select</frontend_type>
                            <source_model>adminhtml/system_config_source_yesno</source_model>
                            <sort_order>60</sort_order>
                            <show_in_default>1</show_in_default>
                            <show_in_website>1</show_in_website>
                            <show_in_store>1</show_in_store>
                        </rightcategorycolumn>
                        <leftproductcolumn translate="label comment">
                            <label>Left Product column</label>
                            <frontend_type>select</frontend_type>
                            <source_model>adminhtml/system_config_source_yesno</source_model>
                            <sort_order>70</sort_order>
                            <show_in_default>1</show_in_default>
                            <show_in_website>1</show_in_website>
                            <show_in_store>1</show_in_store>
                        </leftproductcolumn>
                        <rightproductcolumn translate="label comment">
                            <label>Right Product column</label>
                            <frontend_type>select</frontend_type>
                            <source_model>adminhtml/system_config_source_yesno</source_model>
                            <sort_order>80</sort_order>
                            <show_in_default>1</show_in_default>
                            <show_in_website>1</show_in_website>
                            <show_in_store>1</show_in_store>
                        </rightproductcolumn>
                        <url translate="label comment">
                            <label>Url</label>
                            <comment><![CDATA[Select URL source facepile to display friends.]]>
                            </comment>
                            <frontend_type>select</frontend_type>
                            <source_model>facebook/system_config_source_url</source_model>
                            <sort_order>90</sort_order>
                            <show_in_default>1</show_in_default>
                            <show_in_website>1</show_in_website>
                            <show_in_store>1</show_in_store>
                        </url>
                        <size translate="label comment">
                            <label>Size</label>
                            <comment><![CDATA[Determines the size of the images and social context in the facepile.]]>
                            </comment>
                            <frontend_type>select</frontend_type>
                            <source_model>facebook/system_config_source_size</source_model>
                            <sort_order>100</sort_order>
                            <show_in_default>1</show_in_default>
                            <show_in_website>1</show_in_website>
                            <show_in_store>1</show_in_store>
                        </size>
                        <max_rows translate="label comment">
                            <label>Max rows</label>
                            <comment><![CDATA[The maximum number of rows of profile pictures to show.]]>
                            </comment>
                            <frontend_type>text</frontend_type>
                            <sort_order>110</sort_order>
                            <show_in_default>1</show_in_default>
                            <show_in_website>1</show_in_website>
                            <show_in_store>1</show_in_store>
                        </max_rows>
                        <width translate="label comment">
                            <label>Width</label>
                            <comment><![CDATA[The width of the plugin, in pixels]]>
                            </comment>
                            <frontend_type>text</frontend_type>
                            <sort_order>120</sort_order>
                            <show_in_default>1</show_in_default>
                            <show_in_website>1</show_in_website>
                            <show_in_store>1</show_in_store>
                        </width>
                        <colorscheme translate="label comment">
                            <label>Color Scheme</label>
                            <comment><![CDATA[The color scheme of the plugin.]]>
                            </comment>
                            <frontend_type>select</frontend_type>
                            <source_model>facebook/system_config_source_color</source_model>
                            <sort_order>130</sort_order>
                            <show_in_default>1</show_in_default>
                            <show_in_website>1</show_in_website>
                            <show_in_store>1</show_in_store>
                        </colorscheme>
                    </fields>
                </facepile>
            </groups>
        </facebook>
    </sections>
</config>
