<?xml version="1.0"?>
<!-- 
/**
 * @category   Biztech
 * @package    Biztech_All
 * @author     ModuleCreator
 * @license    http://opensource.org/licenses/osl-3.0.php  Open Software License (OSL 3.0)
 */
 -->
<config>
    <modules>
        <Biztech_All>
            <active>true</active>
            <codePool>local</codePool>
        </Biztech_All>
    </modules>
       <adminhtml>        
        <acl>
            <resources>
                <all>
                    <title>Allow Everything</title>
                </all>
                <admin>
                    <children>
                        <Biztech_All>
                            <title>All</title>
                            <sort_order>10</sort_order>
                        </Biztech_All>
                        <system>
                            <children>
                                <config>
                                    <children>
                                        <all>
                                            <title>All</title>
                                        </all>
                                    </children>
                                </config>
                            </children>
                        </system>
                    </children>
                </admin>
            </resources>
        </acl>
        <layout>
            <updates>
                <all>
                    <file>all.xml</file>
                </all>
            </updates>
        </layout>
    </adminhtml>   
</config> 